alpha,CL,CD,CDp,Cm,Top,Xtr,Bot,Xtr,Cpmin,Chinge,XCp,airfoil,Reynolds,NCrit
-23.0,-0.8568,0.24048,0.23744,0.0619,1.0,0.0108,-3.765,0.0,0.0,0.0,0.2847,NACA0015,0.5,5.0
-22.0,-0.971,0.1844,0.18098,0.0377,1.0,0.012,-5.4113,0.0,0.0,0.0,0.2501,NACA0015,0.5,5.0
-21.0,-1.0045,0.16103,0.15733,0.0241,1.0,0.0123,-5.761,0.0,0.0,0.0,0.2371,NACA0015,0.5,5.0
-20.0,-1.0755,0.13364,0.12949,0.0073,1.0,0.0125,-6.3433,0.0,0.0,0.0,0.2221,NACA0015,0.5,5.0
-19.0,-1.1581,0.1044,0.09975,-0.0082,1.0,0.0127,-6.8272,0.0,0.0,0.0,0.2106,NACA0015,0.5,5.0
-18.0,-1.204,0.08276,0.07769,-0.018,1.0,0.0136,-6.9508,0.0,0.0,0.0,0.2054,NACA0015,0.5,5.0
-17.0,-1.2559,0.06249,0.057,-0.0262,1.0,0.0144,-7.0327,0.0,0.0,0.0,0.2023,NACA0015,0.5,5.0
-16.0,-1.2809,0.04692,0.04109,-0.0311,1.0,0.0157,-6.9206,0.0,0.0,0.0,0.2015,NACA0015,0.5,5.0
-15.0,-1.28,0.03606,0.02996,-0.0325,1.0,0.0174,-6.6509,0.0,0.0,0.0,0.2028,NACA0015,0.5,5.0
-14.0,-1.2554,0.02948,0.02317,-0.0302,1.0,0.0193,-6.2637,0.0,0.0,0.0,0.2063,NACA0015,0.5,5.0
-13.0,-1.2095,0.02528,0.01879,-0.0262,1.0,0.0211,-5.7955,0.0,0.0,0.0,0.2106,NACA0015,0.5,5.0
-12.0,-1.1619,0.02216,0.01548,-0.0201,1.0,0.0224,-5.3323,0.0,0.0,0.0,0.2168,NACA0015,0.5,5.0
-11.0,-1.1103,0.01971,0.01271,-0.012,1.0,0.0212,-4.9419,0.0,0.0,0.0,0.2248,NACA0015,0.5,5.0
-10.0,-1.0485,0.01805,0.01097,-0.0045,1.0,0.0227,-4.4595,0.0,0.0,0.0,0.2328,NACA0015,0.5,5.0
-9.0,-0.9856,0.01673,0.00957,0.0035,0.9997,0.024,-3.9865,0.0,0.0,0.0,0.2419,NACA0015,0.5,5.0
-8.0,-0.8649,0.01575,0.00842,-0.0002,0.9886,0.0269,-3.269,0.0,0.0,0.0,0.2393,NACA0015,0.5,5.0
-7.0,-0.7478,0.0138,0.00627,-0.0026,0.9683,0.0393,-2.8493,0.0,0.0,0.0,0.237,NACA0015,0.5,5.0
-6.0,-0.6235,0.01238,0.00509,-0.0067,0.9455,0.0673,-2.3403,0.0,0.0,0.0,0.2305,NACA0015,0.5,5.0
-5.0,-0.5128,0.01119,0.00412,-0.0073,0.9111,0.1011,-1.8861,0.0,0.0,0.0,0.2277,NACA0015,0.5,5.0
-4.0,-0.4067,0.01029,0.00339,-0.0067,0.8658,0.1479,-1.4697,0.0,0.0,0.0,0.2261,NACA0015,0.5,5.0
-3.0,-0.3008,0.00961,0.00281,-0.0058,0.7951,0.2021,-1.0837,0.0,0.0,0.0,0.2236,NACA0015,0.5,5.0
-2.0,-0.2011,0.00877,0.0023,-0.0038,0.7108,0.2974,-0.8184,0.0,0.0,0.0,0.2241,NACA0015,0.5,5.0
-1.0,-0.0978,0.00828,0.00207,-0.0025,0.6434,0.4088,-0.654,0.0,0.0,0.0,0.2174,NACA0015,0.5,5.0
0.0,0.0,0.00798,0.00199,-0.0,0.547,0.547,-0.5245,0.0,0.0,0.0,0.4545,NACA0015,0.5,5.0
1.0,0.0978,0.00828,0.00207,0.0025,0.4088,0.6434,-0.654,0.0,0.0,0.0,0.2174,NACA0015,0.5,5.0
2.0,0.2011,0.00877,0.0023,0.0038,0.2974,0.7108,-0.8184,0.0,0.0,0.0,0.2241,NACA0015,0.5,5.0
3.0,0.3008,0.00961,0.00281,0.0058,0.2021,0.7951,-1.0837,0.0,0.0,0.0,0.2236,NACA0015,0.5,5.0
4.0,0.4068,0.01029,0.00339,0.0066,0.1479,0.8658,-1.4698,0.0,0.0,0.0,0.2261,NACA0015,0.5,5.0
5.0,0.5129,0.01119,0.00411,0.0073,0.1011,0.9111,-1.8862,0.0,0.0,0.0,0.2277,NACA0015,0.5,5.0
6.0,0.6236,0.01238,0.00509,0.0066,0.0672,0.9455,-2.3405,0.0,0.0,0.0,0.2306,NACA0015,0.5,5.0
7.0,0.7481,0.0138,0.00627,0.0026,0.0393,0.9684,-2.8498,0.0,0.0,0.0,0.237,NACA0015,0.5,5.0
8.0,0.8652,0.01575,0.00841,0.0001,0.0269,0.9887,-3.2696,0.0,0.0,0.0,0.2393,NACA0015,0.5,5.0
9.0,0.986,0.01673,0.00956,-0.0036,0.024,0.9998,-3.9876,0.0,0.0,0.0,0.242,NACA0015,0.5,5.0
10.0,1.0486,0.01804,0.01096,0.0044,0.0227,1.0,-4.4599,0.0,0.0,0.0,0.2328,NACA0015,0.5,5.0
11.0,1.1115,0.0197,0.0127,0.0118,0.0212,1.0,-4.9454,0.0,0.0,0.0,0.225,NACA0015,0.5,5.0
12.0,1.1644,0.02214,0.01546,0.0196,0.0224,1.0,-5.3402,0.0,0.0,0.0,0.2172,NACA0015,0.5,5.0
13.0,1.2135,0.02523,0.01873,0.0256,0.0211,1.0,-5.8087,0.0,0.0,0.0,0.2112,NACA0015,0.5,5.0
14.0,1.2611,0.02935,0.02303,0.0294,0.0192,1.0,-6.284,0.0,0.0,0.0,0.207,NACA0015,0.5,5.0
15.0,1.288,0.03578,0.02967,0.0317,0.0173,1.0,-6.6821,0.0,0.0,0.0,0.2036,NACA0015,0.5,5.0
16.0,1.2896,0.04661,0.04076,0.0301,0.0156,1.0,-6.956,0.0,0.0,0.0,0.2024,NACA0015,0.5,5.0
17.0,1.2657,0.06223,0.05671,0.025,0.0143,1.0,-7.0727,0.0,0.0,0.0,0.2034,NACA0015,0.5,5.0
18.0,1.2144,0.08255,0.07747,0.0166,0.0134,1.0,-6.9929,0.0,0.0,0.0,0.2066,NACA0015,0.5,5.0
19.0,1.1687,0.1043,0.09964,0.0068,0.0126,1.0,-6.8699,0.0,0.0,0.0,0.2119,NACA0015,0.5,5.0
20.0,1.0855,0.13404,0.12988,-0.0088,0.0124,1.0,-6.3814,0.0,0.0,0.0,0.2234,NACA0015,0.5,5.0
21.0,1.0131,0.1623,0.15859,-0.0256,0.0123,1.0,-5.79,0.0,0.0,0.0,0.2384,NACA0015,0.5,5.0
22.0,0.9787,0.18624,0.18282,-0.0394,0.012,1.0,-5.4434,0.0,0.0,0.0,0.2515,NACA0015,0.5,5.0
23.0,0.8617,0.24376,0.24073,-0.0634,0.0108,1.0,-3.7695,0.0,0.0,0.0,0.2861,NACA0015,0.5,5.0
